file,authors,licenses,urls,notes
body/bodies/teen/light.png,bluecarrot16; Evert; TheraHedwig; Benjamin K. Smith (BenCreating); MuffinElZangano; Durrani; Pierre Vigier (pvigier); Eliza Wyatt (ElizaWy); Matthew Krohn (makrohn); Johannes Sj?lund (wulax); Stephen Challener (Redshrike),CC-BY-SA 3.0; GPL 3.0,https://opengameart.org/content/liberated-pixel-cup-lpc-base-assets-sprites-map-tiles https://opengameart.org/content/lpc-medieval-fantasy-character-sprites https://opengameart.org/content/lpc-ladies https://opengameart.org/content/lpc-teen-unisex-base-clothes https://opengameart.org/content/lpc-jump-expanded https://opengameart.org/content/lpc-revised-character-basics https://opengameart.org/content/lpc-be-seated https://gitlab.com/vagabondgame/lpc-characters https://opengameart.org/content/lpc-male-jumping-animation-by-durrani https://opengameart.org/content/lpc-jump-expanded,
head/heads/human/male/light.png,bluecarrot16; Benjamin K. Smith (BenCreating); Stephen Challener (Redshrike),OGA-BY 3.0; CC-BY-SA 3.0; GPL 3.0,https://opengameart.org/content/liberated-pixel-cup-lpc-base-assets-sprites-map-tiles https://opengameart.org/content/lpc-character-bases,"original head by Redshrike, tweaks by BenCreating, modular version by bluecarrot16"
body/bodies/female/bronze.png,Benjamin K. Smith (BenCreating); bluecarrot16; TheraHedwig; Evert; MuffinElZangano; Durrani; Pierre Vigier (pvigier); ElizaWy; Matthew Krohn (makrohn); Johannes Sjölund (wulax); Stephen Challener (Redshrike),OGA-BY 3.0; CC-BY-SA 3.0; GPL 3.0,https://opengameart.org/content/liberated-pixel-cup-lpc-base-assets-sprites-map-tiles https://opengameart.org/content/lpc-medieval-fantasy-character-sprites https://opengameart.org/content/lpc-ladies https://opengameart.org/content/lpc-7-womens-shirts https://opengameart.org/content/lpc-jump-expanded https://opengameart.org/content/lpc-be-seated https://opengameart.org/content/lpc-revised-character-basics https://gitlab.com/vagabondgame/lpc-characters https://opengameart.org/content/lpc-male-jumping-animation-by-durrani https://opengameart.org/content/lpc-runcycle-and-diagonal-walkcycle,see details at https://opengameart.org/content/lpc-character-bases
head/heads/human/female/bronze.png,bluecarrot16; Benjamin K. Smith (BenCreating); Stephen Challener (Redshrike),OGA-BY 3.0; CC-BY-SA 3.0; GPL 3.0,https://opengameart.org/content/ https://opengameart.org/content/lpc-character-bases,"original head by Redshrike, tweaks by BenCreating, modular version by bluecarrot16"
torso/clothes/shortsleeve/tshirt/teen/teal.png,ElizaWy; JaidynReiman,OGA-BY 3.0,http://opengameart.org/content/lpc-revised-character-basics https://github.com/ElizaWy/LPC/tree/main/Characters/Clothing https://opengameart.org/content/expanded-universal-lpc-spritesheet-idle-run-jump-lpc-revised-combat-and-assets,original by ElizaWy; spellcast/thrust/shoot/hurt adapted from original by JaidynReiman
torso/clothes/shortsleeve/tshirt/female/teal.png,ElizaWy; JaidynReiman,OGA-BY 3.0,http://opengameart.org/content/lpc-revised-character-basics https://github.com/ElizaWy/LPC/tree/main/Characters/Clothing https://opengameart.org/content/expanded-universal-lpc-spritesheet-idle-run-jump-lpc-revised-combat-and-assets,original by ElizaWy; spellcast/thrust/shoot/hurt adapted from original by JaidynReiman
torso/clothes/longsleeve/longsleeve2_polo/teen/white.png,ElizaWy; JaidynReiman,OGA-BY 3.0,http://opengameart.org/content/lpc-revised-character-basics https://github.com/ElizaWy/LPC/tree/main/Characters/Clothing https://opengameart.org/content/expanded-universal-lpc-spritesheet-idle-run-jump-lpc-revised-combat-and-assets,original by ElizaWy; spellcast/thrust/shoot/hurt adapted from original by JaidynReiman
torso/clothes/longsleeve/longsleeve2_polo/female/white.png,ElizaWy; JaidynReiman,OGA-BY 3.0,http://opengameart.org/content/lpc-revised-character-basics https://github.com/ElizaWy/LPC/tree/main/Characters/Clothing https://opengameart.org/content/expanded-universal-lpc-spritesheet-idle-run-jump-lpc-revised-combat-and-assets,original by ElizaWy; spellcast/thrust/shoot/hurt adapted from original by JaidynReiman
torso/clothes/longsleeve/longsleeve2_cardigan/teen/maroon.png,ElizaWy; JaidynReiman,OGA-BY 3.0,http://opengameart.org/content/lpc-revised-character-basics https://github.com/ElizaWy/LPC/tree/main/Characters/Clothing https://opengameart.org/content/expanded-universal-lpc-spritesheet-idle-run-jump-lpc-revised-combat-and-assets,original by ElizaWy; spellcast/thrust/shoot/hurt adapted from original by JaidynReiman
torso/clothes/longsleeve/longsleeve2_cardigan/female/maroon.png,ElizaWy; JaidynReiman,OGA-BY 3.0,http://opengameart.org/content/lpc-revised-character-basics https://github.com/ElizaWy/LPC/tree/main/Characters/Clothing https://opengameart.org/content/expanded-universal-lpc-spritesheet-idle-run-jump-lpc-revised-combat-and-assets,original by ElizaWy; spellcast/thrust/shoot/hurt adapted from original by JaidynReiman
legs/pants/thin/navy.png,bluecarrot16; JaidynReiman; ElizaWy; Joe White; Matthew Krohn (makrohn); Johannes Sjölund (wulax),OGA-BY 3.0; GPL 3.0; CC-BY-SA 3.0,https://opengameart.org/content/liberated-pixel-cup-lpc-base-assets-sprites-map-tiles https://opengameart.org/content/lpc-medieval-fantasy-character-sprites http://opengameart.org/content/lpc-clothing-updates https://opengameart.org/content/lpc-expanded-pants,"original male pants by wulax, edited for female by Joe White, recolors and edits to v3 base by bluecarrot16, teen legs by ElizaWy derived from base, climb/jump/run/sit/emotes/revised combat by JaidynReiman based on ElizaWy's LPC Revised"
legs/formal/thin/charcoal.png,bluecarrot16; Thane Brimhall (pennomi); laetissima; Stephen Challener (Redshrike),CC-BY-SA 3.0; GPL 3.0,https://opengameart.org/content/liberated-pixel-cup-lpc-base-assets-sprites-map-tiles https://opengameart.org/content/lpc-medieval-fantasy-character-sprites https://opengameart.org/content/lpc-2-characters https://opengameart.org/content/lpc-gentleman https://opengameart.org/content/lpc-expanded-pants,"Original pants by Stephen Challener (Redshrike), Formal Pants by Bluecarrot16, Female/Thin version by JaidynReiman"
hair/bob/adult/dark_brown.png,ElizaWy; bluecarrot16,CC0,https://opengameart.org/content/lpc-hair https://github.com/ElizaWy/LPC/blob/main/Characters/Hair https://opengameart.org/content/expanded-universal-lpc-spritesheet-idle-run-jump-lpc-revised-combat-and-assets,Original by bluecarrot16. Edited and animated by ElizaWy.
hair/bob/adult/blonde.png,ElizaWy; bluecarrot16,CC0,https://opengameart.org/content/lpc-hair https://github.com/ElizaWy/LPC/blob/main/Characters/Hair https://opengameart.org/content/expanded-universal-lpc-spritesheet-idle-run-jump-lpc-revised-combat-and-assets,Original by bluecarrot16. Edited and animated by ElizaWy.
hair/bob/adult/black.png,ElizaWy; bluecarrot16,CC0,https://opengameart.org/content/lpc-hair https://github.com/ElizaWy/LPC/blob/main/Characters/Hair https://opengameart.org/content/expanded-universal-lpc-spritesheet-idle-run-jump-lpc-revised-combat-and-assets,Original by bluecarrot16. Edited and animated by ElizaWy.
hair/bob/adult/white.png,ElizaWy; bluecarrot16,CC0,https://opengameart.org/content/lpc-hair https://github.com/ElizaWy/LPC/blob/main/Characters/Hair https://opengameart.org/content/expanded-universal-lpc-spritesheet-idle-run-jump-lpc-revised-combat-and-assets,Original by bluecarrot16. Edited and animated by ElizaWy.
hair/buzzcut/adult/dark_brown.png,ElizaWy,OGA-BY 3.0,https://opengameart.org/content/lpc-hair,
hair/buzzcut/adult/blonde.png,ElizaWy,OGA-BY 3.0,https://opengameart.org/content/lpc-hair,
hair/buzzcut/adult/black.png,ElizaWy,OGA-BY 3.0,https://opengameart.org/content/lpc-hair,
hair/buzzcut/adult/white.png,ElizaWy,OGA-BY 3.0,https://opengameart.org/content/lpc-hair,
hair/curly_short/adult/dark_brown.png,ElizaWy,OGA-BY 3.0,https://opengameart.org/content/lpc-hair https://opengameart.org/content/expanded-universal-lpc-spritesheet-idle-run-jump-lpc-revised-combat-and-assets,
hair/curly_short/adult/blonde.png,ElizaWy,OGA-BY 3.0,https://opengameart.org/content/lpc-hair https://opengameart.org/content/expanded-universal-lpc-spritesheet-idle-run-jump-lpc-revised-combat-and-assets,
hair/curly_short/adult/black.png,ElizaWy,OGA-BY 3.0,https://opengameart.org/content/lpc-hair https://opengameart.org/content/expanded-universal-lpc-spritesheet-idle-run-jump-lpc-revised-combat-and-assets,
hair/curly_short/adult/white.png,ElizaWy,OGA-BY 3.0,https://opengameart.org/content/lpc-hair https://opengameart.org/content/expanded-universal-lpc-spritesheet-idle-run-jump-lpc-revised-combat-and-assets,
